{"inputUnits":[42],"outputUnits":3,"inputs":{"0":{"dtype":"number","min":0.38967435502324294,"max":0.48922158431256235},"1":{"dtype":"number","min":0.5177381098154258,"max":0.8226016316017191},"2":{"dtype":"number","min":0.45085987545920564,"max":0.5641042527222779},"3":{"dtype":"number","min":0.4753363907831643,"max":0.815667134759434},"4":{"dtype":"number","min":0.45429672352710054,"max":0.6259124267476588},"5":{"dtype":"number","min":0.4717392772568999,"max":0.766530698923013},"6":{"dtype":"number","min":0.45852476881804466,"max":0.6777461611896575},"7":{"dtype":"number","min":0.49614471561734574,"max":0.7259467526931266},"8":{"dtype":"number","min":0.4608277801139821,"max":0.7148864278241964},"9":{"dtype":"number","min":0.5242184675179634,"max":0.7028062644018724},"10":{"dtype":"number","min":0.4591020129190886,"max":0.589970349168063},"11":{"dtype":"number","min":0.442281345688409,"max":0.6031821681142409},"12":{"dtype":"number","min":0.4553694550933235,"max":0.6281951159207716},"13":{"dtype":"number","min":0.4237554544464172,"max":0.6365961623999706},"14":{"dtype":"number","min":0.4625541303057303,"max":0.6433936106205993},"15":{"dtype":"number","min":0.35196375356074866,"max":0.6834465324649112},"16":{"dtype":"number","min":0.47643157547958837,"max":0.6673645368028392},"17":{"dtype":"number","min":0.2877810541117628,"max":0.7035400895141151},"18":{"dtype":"number","min":0.43736732813176643,"max":0.5494857379486003},"19":{"dtype":"number","min":0.4544868437816713,"max":0.5783954222478962},"20":{"dtype":"number","min":0.45218436001472595,"max":0.5781129285344133},"21":{"dtype":"number","min":0.4100151929322626,"max":0.667521058358265},"22":{"dtype":"number","min":0.44329346840985784,"max":0.5640639878949054},"23":{"dtype":"number","min":0.32349055819945177,"max":0.6981737448680179},"24":{"dtype":"number","min":0.4338927678716824,"max":0.5794596823787066},"25":{"dtype":"number","min":0.2563103422076975,"max":0.7163392068594587},"26":{"dtype":"number","min":0.3839467809096788,"max":0.5126863398183336},"27":{"dtype":"number","min":0.4831925883143793,"max":0.6135891774331392},"28":{"dtype":"number","min":0.39563543459660117,"max":0.5276790802351901},"29":{"dtype":"number","min":0.4383758529508589,"max":0.6903783552834819},"30":{"dtype":"number","min":0.39035306599207226,"max":0.5551106438627877},"31":{"dtype":"number","min":0.36553789725493285,"max":0.7001070126236122},"32":{"dtype":"number","min":0.3840413386956228,"max":0.5621416237528168},"33":{"dtype":"number","min":0.29753759692965975,"max":0.7130917750219425},"34":{"dtype":"number","min":0.3390336576589693,"max":0.4720776333997219},"35":{"dtype":"number","min":0.5203813846089952,"max":0.6481676139441817},"36":{"dtype":"number","min":0.34313805972625433,"max":0.5118336826935499},"37":{"dtype":"number","min":0.5051792888842203,"max":0.71586036685643},"38":{"dtype":"number","min":0.34592476746985,"max":0.5461651826396241},"39":{"dtype":"number","min":0.4456606216551967,"max":0.7496391952992659},"40":{"dtype":"number","min":0.33430227687425285,"max":0.5636918647626099},"41":{"dtype":"number","min":0.38214412913379076,"max":0.7740692217644335}},"outputs":{"0":{"dtype":"string","min":0,"max":1,"uniqueValues":["ROCK","PAPER","SCISSORS"],"legend":{"ROCK":[1,0,0],"PAPER":[0,1,0],"SCISSORS":[0,0,1]}}},"isNormalized":false}