{"inputUnits":[42],"outputUnits":3,"inputs":{"0":{"dtype":"number","min":0.31076404110375444,"max":0.5050155921258952},"1":{"dtype":"number","min":0.5461483494588454,"max":0.8963525773016333},"2":{"dtype":"number","min":0.37655675003721056,"max":0.5068223917551969},"3":{"dtype":"number","min":0.5524582702612247,"max":0.8701209756026831},"4":{"dtype":"number","min":0.38915291941933033,"max":0.5952275505648693},"5":{"dtype":"number","min":0.5369062643335837,"max":0.7921886794951636},"6":{"dtype":"number","min":0.4419227185891633,"max":0.6646032623796797},"7":{"dtype":"number","min":0.5001033292630513,"max":0.7200547850147949},"8":{"dtype":"number","min":0.48897123560880174,"max":0.7184253663127362},"9":{"dtype":"number","min":0.4576615983505372,"max":0.6728809487190077},"10":{"dtype":"number","min":0.40642870501488737,"max":0.5401589739027803},"11":{"dtype":"number","min":0.41021969005127834,"max":0.6064855545362584},"12":{"dtype":"number","min":0.41582360730123635,"max":0.5911206068699186},"13":{"dtype":"number","min":0.3646021916352484,"max":0.5198831414356234},"14":{"dtype":"number","min":0.4152665753228909,"max":0.6243708832523465},"15":{"dtype":"number","min":0.2868693006276731,"max":0.5892765644732345},"16":{"dtype":"number","min":0.41501004131483316,"max":0.6515744446216124},"17":{"dtype":"number","min":0.22847260763799593,"max":0.6125323953752343},"18":{"dtype":"number","min":0.36374762656622645,"max":0.5620075285094994},"19":{"dtype":"number","min":0.39044378265805424,"max":0.6018387369284188},"20":{"dtype":"number","min":0.4045712037445016,"max":0.6313001712298821},"21":{"dtype":"number","min":0.37706334619535986,"max":0.5428824548198864},"22":{"dtype":"number","min":0.40526850250400354,"max":0.6643251521133788},"23":{"dtype":"number","min":0.28258836390632225,"max":0.6039798298379029},"24":{"dtype":"number","min":0.40077456244667786,"max":0.6958580499576342},"25":{"dtype":"number","min":0.20866356421534082,"max":0.6213228235354902},"26":{"dtype":"number","min":0.310239508585774,"max":0.6118088724686552},"27":{"dtype":"number","min":0.39840653257682185,"max":0.6399457422036012},"28":{"dtype":"number","min":0.3239812154497642,"max":0.6584337323828363},"29":{"dtype":"number","min":0.3841993855731193,"max":0.558854449812087},"30":{"dtype":"number","min":0.31700404997154397,"max":0.6422477984934696},"31":{"dtype":"number","min":0.2868787488384252,"max":0.6148473639009422},"32":{"dtype":"number","min":0.31405885846996046,"max":0.6279939384081676},"33":{"dtype":"number","min":0.2114790803928282,"max":0.6456236755296857},"34":{"dtype":"number","min":0.2632151145279397,"max":0.6515117944650605},"35":{"dtype":"number","min":0.43194603221282885,"max":0.6891004299709045},"36":{"dtype":"number","min":0.25412852745187686,"max":0.6749300878930276},"37":{"dtype":"number","min":0.44024391687588976,"max":0.6283841323154079},"38":{"dtype":"number","min":0.23424836081411002,"max":0.6615775557180059},"39":{"dtype":"number","min":0.364539405489252,"max":0.6577099324537431},"40":{"dtype":"number","min":0.21764886127975736,"max":0.6540666485226183},"41":{"dtype":"number","min":0.2939819836987061,"max":0.6937961734764794}},"outputs":{"0":{"dtype":"string","min":0,"max":1,"uniqueValues":["ROCK","PAPER","SCISSORS"],"legend":{"ROCK":[1,0,0],"PAPER":[0,1,0],"SCISSORS":[0,0,1]}}},"isNormalized":false}